am_sid,am_cat,sciname,iucn_sid,pop_trend,pop_cat,spp_group,id_no,iucn_subpop,spatial_source,cat_score,trend_score
NA,NA,Puffinus mauretanicus,22728432,Decreasing,CR,BOTW,22728432,NA,iucn-bli,0.8,-0.5
Rep-4381,VU,Dermochelys coriacea,46967863,Decreasing,CR,REPTILES_update,46967863,Southwest Indian,iucn,0.8,-0.5
Fis-29593,CR,Acipenser sturio,230,Decreasing,CR,NA,NA,NA,am,0.8,-0.5
Fis-22711,CR,Anguilla anguilla,60344,Decreasing,CR,NA,NA,NA,am,0.8,-0.5
Fis-29359,NA,Coryphaenoides rupestris,15522149,Unknown,CR,NA,NA,NA,am,0.8,NA
Fis-131824,CR,Dipturus batis,39397,Decreasing,CR,NA,NA,NA,am,0.8,-0.5
Fis-23282,CR,Squatina squatina,39332,Decreasing,CR,NA,NA,NA,am,0.8,-0.5
ITS-554452,EN,Thalassarche chlororhynchos,22698425,Decreasing,EN,BOTW,22698425,NA,iucn-bli,0.6,-0.5
ITS-Mam-180526,EN,Balaenoptera borealis,2475,Unknown,EN,MARINE_MAMMALS_update,2475,NA,iucn,0.6,NA
ITS-Mam-180528,EN,Balaenoptera musculus,2477,Increasing,EN,MARINE_MAMMALS_update,2477,NA,iucn,0.6,0.5
ITS-Mam-180527,EN,Balaenoptera physalus,2478,Unknown,EN,MARINE_MAMMALS_update,2478,NA,iucn,0.6,NA
ITS-Mam-180537,EN,Eubalaena glacialis,41712,Unknown,EN,MARINE_MAMMALS_update,41712,NA,iucn,0.6,NA
Fis-23548,EN,Hippoglossus hippoglossus,10097,NA,EN,NA,NA,NA,am,0.6,NA
Fis-30636,EN,Sebastes fasciatus,20084,NA,EN,NA,NA,NA,am,0.6,NA
NA,NA,Pinguinus impennis,22694856,NA,EX,BOTW,22694856,NA,iucn-bli,1,NA
ITS-176982,LC,Alle alle,22694837,Decreasing,LC,BOTW,22694837,NA,iucn-bli,0,-0.5
ITS-175145,LC,Bucephala albeola,22680462,Increasing,LC,BOTW,22680462,NA,iucn-bli,0,0.5
ITS-175141,LC,Bucephala clangula,22680455,Stable,LC,BOTW,22680455,NA,iucn-bli,0,0
ITS-175144,LC,Bucephala islandica,22680459,Increasing,LC,BOTW,22680459,NA,iucn-bli,0,0.5
ITS-203446,LC,Calonectris diomedea,45061132,Decreasing,LC,BOTW,45061132,NA,iucn-bli,0,-0.5
ITS-176985,LC,Cepphus grylle,22694861,Increasing,LC,BOTW,22694861,NA,iucn-bli,0,0.5
ITS-176959,LC,Chlidonias niger,22694787,Decreasing,LC,BOTW,22694787,NA,iucn-bli,0,-0.5
ITS-174763,LC,Fregata magnificens,22697724,Increasing,LC,BOTW,22697724,NA,iucn-bli,0,0.5
ITS-174536,LC,Fulmarus glacialis,22697866,Increasing,LC,BOTW,22697866,NA,iucn-bli,0,0.5
ITS-176882,LC,Gelochelidon nilotica,62026481,Decreasing,LC,BOTW,62026481,NA,iucn-bli,0,-0.5
ITS-175149,LC,Histrionicus histrionicus,22680423,Increasing,LC,BOTW,22680423,NA,iucn-bli,0,0.5
ITS-824065,LC,Hydrocoloeus minutus,22694469,Increasing,LC,BOTW,22694469,NA,iucn-bli,0,0.5
ITS-176824,LC,Larus argentatus,62030608,Decreasing,LC,BOTW,62030608,NA,iucn-bli,0,-0.5
ITS-554270,LC,Larus cachinnans,22735929,Stable,LC,BOTW,22735929,NA,iucn-bli,0,0
ITS-176832,LC,Larus canus,22694308,Unknown,LC,BOTW,22694308,NA,iucn-bli,0,NA
ITS-176830,LC,Larus delawarensis,22694317,Increasing,LC,BOTW,22694317,NA,iucn-bli,0,0.5
ITS-176821,LC,Larus fuscus,22694373,Increasing,LC,BOTW,22694373,NA,iucn-bli,0,0.5
ITS-176811,LC,Larus glaucoides,22694346,Stable,LC,BOTW,22694346,NA,iucn-bli,0,0
ITS-176808,LC,Larus hyperboreus,22694343,Stable,LC,BOTW,22694343,NA,iucn-bli,0,0
ITS-176815,LC,Larus marinus,22694324,Increasing,LC,BOTW,22694324,NA,iucn-bli,0,0.5
ITS-176858,LC,Larus melanocephalus,22694443,Stable,LC,BOTW,22694443,NA,iucn-bli,0,0
ITS-176835,LC,Larus ridibundus,22694420,Decreasing,LC,BOTW,22694420,NA,iucn-bli,0,-0.5
ITS-174594,LC,Macronectes giganteus,22697852,Increasing,LC,BOTW,22697852,NA,iucn-bli,0,0.5
ITS-175163,EN,Melanitta fusca,22724845,Decreasing,LC,BOTW,22724845,NA,iucn-bli,0,-0.5
ITS-175171,LC,Melanitta nigra,22724879,Unknown,LC,BOTW,22724879,NA,iucn-bli,0,NA
ITS-175187,LC,Mergus serrator,22680485,Stable,LC,BOTW,22680485,NA,iucn-bli,0,0
ITS-174712,LC,Morus bassanus,22696657,Increasing,LC,BOTW,22696657,NA,iucn-bli,0,0.5
ITS-174628,LC,Oceanodroma leucorhoa,22698511,Stable,LC,BOTW,22698511,NA,iucn-bli,0,0
ITS-174733,LC,Phalacrocorax aristotelis,22696894,Decreasing,LC,BOTW,22696894,NA,iucn-bli,0,-0.5
ITS-174715,LC,Phalacrocorax carbo,22696792,Increasing,LC,BOTW,22696792,NA,iucn-bli,0,0.5
ITS-174725,LC,Phalacrocorax pelagicus,22728950,Decreasing,LC,BOTW,22728950,NA,iucn-bli,0,-0.5
ITS-174590,LC,Pterodroma mollis,22698080,Stable,LC,BOTW,22698080,NA,iucn-bli,0,0
ITS-174555,LC,Puffinus puffinus,22698226,Decreasing,LC,BOTW,22698226,NA,iucn-bli,0,-0.5
ITS-176864,LC,Rhodostethia rosea,22694476,Unknown,LC,BOTW,22694476,NA,iucn-bli,0,NA
ITS-176875,LC,Rissa tridactyla,22694497,Decreasing,LC,BOTW,22694497,NA,iucn-bli,0,-0.5
ITS-175160,LC,Somateria spectabilis,22680409,Decreasing,LC,BOTW,22680409,NA,iucn-bli,0,-0.5
ITS-176794,LC,Stercorarius longicaudus,22694251,Stable,LC,BOTW,22694251,NA,iucn-bli,0,0
ITS-660062,LC,Stercorarius maccormicki,22694218,Stable,LC,BOTW,22694218,NA,iucn-bli,0,0
ITS-176793,LC,Stercorarius parasiticus,22694245,Stable,LC,BOTW,22694245,NA,iucn-bli,0,0
ITS-176792,LC,Stercorarius pomarinus,22694240,Stable,LC,BOTW,22694240,NA,iucn-bli,0,0
ITS-660059,LC,Stercorarius skua,22694160,Stable,LC,BOTW,22694160,NA,iucn-bli,0,0
ITS-176891,NA,Sterna dougallii,22694601,Unknown,LC,BOTW,22694601,NA,iucn-bli,0,NA
ITS-176888,LC,Sterna hirundo,22694623,Decreasing,LC,BOTW,22694623,NA,iucn-bli,0,-0.5
ITS-176890,LC,Sterna paradisaea,22694629,Decreasing,LC,BOTW,22694629,NA,iucn-bli,0,-0.5
ITS-176927,LC,Sterna sandvicensis,22694591,Stable,LC,BOTW,22694591,NA,iucn-bli,0,0
ITS-824126,LC,Sternula albifrons,22694656,Decreasing,LC,BOTW,22694656,NA,iucn-bli,0,-0.5
ITS-176974,LC,Uria aalge,22694841,Increasing,LC,BOTW,22694841,NA,iucn-bli,0,0.5
ITS-176978,LC,Uria lomvia,22694847,Increasing,LC,BOTW,22694847,NA,iucn-bli,0,0.5
ITS-176866,LC,Xema sabini,22694479,Stable,LC,BOTW,22694479,NA,iucn-bli,0,0
NA,NA,Actitis hypoleucos,22693264,Decreasing,LC,BOTW,22693264,NA,iucn-bli,0,-0.5
NA,NA,Alauda arvensis,22717415,Decreasing,LC,BOTW,22717415,NA,iucn-bli,0,-0.5
NA,NA,Anas acuta,22680301,Decreasing,LC,BOTW,22680301,NA,iucn-bli,0,-0.5
NA,NA,Mareca penelope,22680157,Decreasing,LC,BOTW,22680157,NA,iucn-bli,0,-0.5
NA,NA,Anser albifrons,22679881,Unknown,LC,BOTW,22679881,NA,iucn-bli,0,NA
NA,NA,Anser brachyrhynchus,22679872,Increasing,LC,BOTW,22679872,NA,iucn-bli,0,0.5
NA,NA,Anthus cervinus,22718560,Stable,LC,BOTW,22718560,NA,iucn-bli,0,0
NA,NA,Anthus petrosus,22718567,Stable,LC,BOTW,22718567,NA,iucn-bli,0,0
NA,NA,Anthus rubescens,22718575,Decreasing,LC,BOTW,22718575,NA,iucn-bli,0,-0.5
NA,NA,Ardea cinerea,22696993,Unknown,LC,BOTW,22696993,NA,iucn-bli,0,NA
NA,NA,Arenaria interpres,22693336,Decreasing,LC,BOTW,22693336,NA,iucn-bli,0,-0.5
NA,NA,Aythya fuligula,22680391,Stable,LC,BOTW,22680391,NA,iucn-bli,0,0
NA,NA,Aythya marila,22680398,Decreasing,LC,BOTW,22680398,NA,iucn-bli,0,-0.5
NA,NA,Branta bernicla,22679946,Unknown,LC,BOTW,22679946,NA,iucn-bli,0,NA
NA,NA,Branta leucopsis,22679943,Increasing,LC,BOTW,22679943,NA,iucn-bli,0,0.5
NA,NA,Calcarius lapponicus,22721033,Increasing,LC,BOTW,22721033,NA,iucn-bli,0,0.5
NA,NA,Calidris alba,22693369,Unknown,LC,BOTW,22693369,NA,iucn-bli,0,NA
NA,NA,Calidris alpina,22693427,Decreasing,LC,BOTW,22693427,NA,iucn-bli,0,-0.5
NA,NA,Calidris maritima,22693420,Decreasing,LC,BOTW,22693420,NA,iucn-bli,0,-0.5
NA,NA,Calidris minuta,22693379,Decreasing,LC,BOTW,22693379,NA,iucn-bli,0,-0.5
NA,NA,Calidris minutilla,22693396,Decreasing,LC,BOTW,22693396,NA,iucn-bli,0,-0.5
NA,NA,Calidris pugnax,22693468,Decreasing,LC,BOTW,22693468,NA,iucn-bli,0,-0.5
NA,NA,Calidris temminckii,22693388,Unknown,LC,BOTW,22693388,NA,iucn-bli,0,NA
NA,NA,Catharacta skua,22694160,Stable,LC,BOTW,22694160,NA,iucn-bli,0,0
NA,NA,Charadrius dubius,22693770,Stable,LC,BOTW,22693770,NA,iucn-bli,0,0
NA,NA,Charadrius hiaticula,22693759,Decreasing,LC,BOTW,22693759,NA,iucn-bli,0,-0.5
NA,NA,Corvus corone,22706016,Increasing,LC,BOTW,22706016,NA,iucn-bli,0,0.5
NA,NA,Corvus monedula,22705929,Stable,LC,BOTW,22705929,NA,iucn-bli,0,0
NA,NA,Cygnus olor,22679839,Increasing,LC,BOTW,22679839,NA,iucn-bli,0,0.5
NA,NA,Eremophila alpestris,22717434,Decreasing,LC,BOTW,22717434,NA,iucn-bli,0,-0.5
NA,NA,Falco columbarius,22696453,Stable,LC,BOTW,22696453,NA,iucn-bli,0,0
NA,NA,Falco peregrinus,45354964,Stable,LC,BOTW,45354964,NA,iucn-bli,0,0
NA,NA,Falco rusticolus,22696500,Stable,LC,BOTW,22696500,NA,iucn-bli,0,0
NA,NA,Fulica atra,22692913,Decreasing,LC,BOTW,22692913,NA,iucn-bli,0,-0.5
NA,NA,Gallinula chloropus,62120190,Stable,LC,BOTW,62120190,NA,iucn-bli,0,0
NA,NA,Gavia arctica,22697834,Decreasing,LC,BOTW,22697834,NA,iucn-bli,0,-0.5
NA,NA,Gavia immer,22697842,Decreasing,LC,BOTW,22697842,NA,iucn-bli,0,-0.5
NA,NA,Gavia stellata,22697829,Decreasing,LC,BOTW,22697829,NA,iucn-bli,0,-0.5
NA,NA,Grus grus,22692146,Unknown,LC,BOTW,22692146,NA,iucn-bli,0,NA
NA,NA,Haliaeetus albicilla,22695137,Increasing,LC,BOTW,22695137,NA,iucn-bli,0,0.5
NA,NA,Hydrobates pelagicus,22698477,Decreasing,LC,BOTW,22698477,NA,iucn-bli,0,-0.5
NA,NA,Jynx torquilla,22680683,Decreasing,LC,BOTW,22680683,NA,iucn-bli,0,-0.5
NA,NA,Luscinia svecica,22709707,Stable,LC,BOTW,22709707,NA,iucn-bli,0,0
NA,NA,Lymnocryptes minimus,22693133,Stable,LC,BOTW,22693133,NA,iucn-bli,0,0
NA,NA,Mergellus albellus,22680465,Decreasing,LC,BOTW,22680465,NA,iucn-bli,0,-0.5
NA,NA,Mergus merganser,22680492,Increasing,LC,BOTW,22680492,NA,iucn-bli,0,0.5
NA,NA,Motacilla citreola,22718379,Stable,LC,BOTW,22718379,NA,iucn-bli,0,0
NA,NA,Numenius phaeopus,22693178,Decreasing,LC,BOTW,22693178,NA,iucn-bli,0,-0.5
NA,NA,Oenanthe oenanthe,22710272,Decreasing,LC,BOTW,22710272,NA,iucn-bli,0,-0.5
NA,NA,Parus palustris,22735995,Decreasing,LC,BOTW,22735995,NA,iucn-bli,0,-0.5
NA,NA,Phalaropus fulicarius,22693494,Decreasing,LC,BOTW,22693494,NA,iucn-bli,0,-0.5
NA,NA,Phalaropus lobatus,22693490,Decreasing,LC,BOTW,22693490,NA,iucn-bli,0,-0.5
NA,NA,Plectrophenax nivalis,22721043,Decreasing,LC,BOTW,22721043,NA,iucn-bli,0,-0.5
NA,NA,Pluvialis apricaria,22693727,Decreasing,LC,BOTW,22693727,NA,iucn-bli,0,-0.5
NA,NA,Pluvialis squatarola,22693749,Decreasing,LC,BOTW,22693749,NA,iucn-bli,0,-0.5
NA,NA,Podiceps grisegena,22696599,Decreasing,LC,BOTW,22696599,NA,iucn-bli,0,-0.5
NA,NA,Sturnus vulgaris,22710886,Decreasing,LC,BOTW,22710886,NA,iucn-bli,0,-0.5
NA,NA,Tadorna tadorna,22680024,Increasing,LC,BOTW,22680024,NA,iucn-bli,0,0.5
NA,NA,Xenus cinereus,22693251,Stable,LC,BOTW,22693251,NA,iucn-bli,0,0
NA,NA,Tringa erythropus,22693207,Stable,LC,BOTW,22693207,NA,iucn-bli,0,0
NA,NA,Tringa nebularia,22693220,Stable,LC,BOTW,22693220,NA,iucn-bli,0,0
NA,NA,Tringa totanus,22693211,Unknown,LC,BOTW,22693211,NA,iucn-bli,0,NA
Fis-27330,NA,Lipophrys pholis,185180,Unknown,LC,COMBTOOTHBLENNIES,185180,NA,iucn,0,NA
Fis-49149,NA,Parablennius ruber,185162,Stable,LC,COMBTOOTHBLENNIES,185162,NA,iucn,0,0
Fis-24942,NA,Scartella cristata,198632,Stable,LC,COMBTOOTHBLENNIES,198632,NA,iucn,0,0
ITS-660111,LC,Pentacheles snyderi,185061,Unknown,LC,LOBSTERS,185061,NA,iucn,0,NA
ITS-97315,LC,Homarus gammarus,169955,Stable,LC,LOBSTERS,169955,NA,iucn,0,0
ITS-97317,LC,Nephrops norvegicus,169967,Stable,LC,LOBSTERS,169967,NA,iucn,0,0
ITS-552917,LC,Nephropsis atlantica,170044,Unknown,LC,LOBSTERS,170044,NA,iucn,0,NA
ITS-660110,LC,Pentacheles laevis,185038,Stable,LC,LOBSTERS,185038,NA,iucn,0,0
ITS-97688,LC,Polycheles typhlops,185026,Stable,LC,LOBSTERS,185026,NA,iucn,0,0
NA,NA,Stereomastis nana,185000,Stable,LC,LOBSTERS,185000,NA,iucn,0,0
NA,NA,Stereomastis sculpta,185037,Stable,LC,LOBSTERS,185037,NA,iucn,0,0
ITS-Mam-180524,LC,Balaenoptera acutorostrata,2474,Stable,LC,MARINE_MAMMALS_update,2474,NA,iucn,0,0
ITS-Mam-180438,LC,Delphinus delphis,6336,Unknown,LC,MARINE_MAMMALS_update,6336,NA,iucn,0,NA
ITS-Mam-180655,LC,Erignathus barbatus,8010,Stable,LC,MARINE_MAMMALS_update,8010,NA,iucn,0,0
ITS-Mam-180521,LC,Eschrichtius robustus,8097,Stable,LC,MARINE_MAMMALS_update,8097,NA,iucn,0,0
ITS-Mam-180457,LC,Grampus griseus,9461,Unknown,LC,MARINE_MAMMALS_update,9461,NA,iucn,0,NA
ITS-Mam-180653,LC,Halichoerus grypus,9660,Increasing,LC,MARINE_MAMMALS_update,9660,NA,iucn,0,0.5
ITS-Mam-180443,LC,Lagenorhynchus acutus,11141,Unknown,LC,MARINE_MAMMALS_update,11141,NA,iucn,0,NA
ITS-Mam-180442,LC,Lagenorhynchus albirostris,11142,Unknown,LC,MARINE_MAMMALS_update,11142,NA,iucn,0,NA
ITS-Mam-180530,LC,Megaptera novaeangliae,13006,Increasing,LC,MARINE_MAMMALS_update,13006,NA,iucn,0,0.5
ITS-Mam-622022,LC,Pagophilus groenlandicus,41671,Increasing,LC,MARINE_MAMMALS_update,41671,NA,iucn,0,0.5
ITS-Mam-180649,LC,Phoca vitulina,17013,Stable,LC,MARINE_MAMMALS_update,17013,NA,iucn,0,0
ITS-Mam-180473,LC,Phocoena phocoena,17027,Unknown,LC,MARINE_MAMMALS_update,17027,NA,iucn,0,NA
ITS-Mam-622018,LC,Pusa hispida,41672,Unknown,LC,MARINE_MAMMALS_update,41672,NA,iucn,0,NA
ITS-Mam-180434,LC,Stenella coeruleoalba,20731,Unknown,LC,MARINE_MAMMALS_update,20731,NA,iucn,0,NA
ITS-Mam-180426,LC,Tursiops truncatus,22563,Unknown,LC,MARINE_MAMMALS_update,22563,NA,iucn,0,NA
ITS-Mam-180498,LC,Ziphius cavirostris,23211,Unknown,LC,MARINE_MAMMALS_update,23211,NA,iucn,0,NA
Fis-136019,NA,Lagocephalus lagocephalus,190464,Unknown,LC,PUFFERFISH,190464,NA,iucn,0,NA
Fis-22849,NA,Boops boops,170251,Stable,LC,SEABREAMS_PORGIES,170251,NA,iucn,0,0
Fis-6123,NA,Sparus aurata,170253,Stable,LC,SEABREAMS_PORGIES,170253,NA,iucn,0,0
Fis-23826,NA,Spondyliosoma cantharus,170258,Unknown,LC,SEABREAMS_PORGIES,170258,NA,iucn,0,NA
SLB-66024,LC,Holothuria tubulosa,180455,Unknown,LC,SEACUCUMBERS,180455,NA,iucn,0,NA
NA,NA,Bathyplotes natans,180452,Stable,LC,SEACUCUMBERS,180452,NA,iucn,0,0
NA,NA,Mesothuria intestinalis,180540,Unknown,LC,SEACUCUMBERS,180540,NA,iucn,0,NA
NA,NA,Mesothuria lactea,180468,Unknown,LC,SEACUCUMBERS,180468,NA,iucn,0,NA
NA,NA,Holothuria forskali,180297,Unknown,LC,SEACUCUMBERS,180297,NA,iucn,0,NA
NA,NA,Zostera noltii,173361,Decreasing,LC,SEAGRASSES,173361,NA,iucn,0,-0.5
NA,NA,Zostera marina,153538,Decreasing,LC,SEAGRASSES,153538,NA,iucn,0,-0.5
NA,NA,Vulpes lagopus,899,Stable,LC,TERRESTRIAL_MAMMALS,899,NA,iucn,0,0
Fis-22777,LC,Katsuwonus pelamis,170310,Stable,LC,TUNAS_BILLFISHES,170310,NA,iucn,0,0
Fis-22818,LC,Sarda sarda,155096,Stable,LC,TUNAS_BILLFISHES,155096,NA,iucn,0,0
Fis-29508,LC,Scomber scombrus,170354,Decreasing,LC,TUNAS_BILLFISHES,170354,NA,iucn,0,-0.5
Fis-29576,LC,Xiphias gladius,23148,Decreasing,LC,TUNAS_BILLFISHES,23148,NA,iucn,0,-0.5
Fis-22735,LC,Acanthocybium solandri,170331,Stable,LC,TUNAS_BILLFISHES,170331,NA,iucn,0,0
Fis-26619,LC,Acantholabrus palloni,186106,Unknown,LC,WRASSE,186106,NA,iucn,0,NA
Fis-22745,LC,Centrolabrus exoletus,187803,Unknown,LC,WRASSE,187803,NA,iucn,0,NA
Fis-22750,LC,Coris julis,187752,Stable,LC,WRASSE,187752,NA,iucn,0,0
Fis-22752,LC,Ctenolabrus rupestris,187751,Stable,LC,WRASSE,187751,NA,iucn,0,0
Fis-29425,LC,Labrus bergylta,187398,Unknown,LC,WRASSE,187398,NA,iucn,0,NA
Fis-3208,LC,Labrus mixtus,187397,Stable,LC,WRASSE,187397,NA,iucn,0,0
Fis-27320,LC,Symphodus bailloni,187522,Unknown,LC,WRASSE,187522,NA,iucn,0,NA
Fis-22769,LC,Symphodus melops,187748,Stable,LC,WRASSE,187748,NA,iucn,0,0
Fis-22710,NA,Agonus cataphractus,18227168,Increasing,LC,NA,NA,NA,am,0,0.5
Fis-26565,NA,Aldrovandia affinis,190356,Unknown,LC,NA,NA,NA,am,0,NA
Fis-27254,NA,Aldrovandia phalacra,195838,Unknown,LC,NA,NA,NA,am,0,NA
Fis-29601,NA,Alepisaurus brevirostris,60469186,Unknown,LC,NA,NA,NA,am,0,NA
Fis-29263,LC,Alepisaurus ferox,154820,Unknown,LC,NA,NA,NA,am,0,NA
Fis-33231,NA,Alepocephalus agassizii,15147715,Unknown,LC,NA,NA,NA,am,0,NA
Fis-31228,NA,Alepocephalus rostratus,198626,Stable,LC,NA,NA,NA,am,0,0
Fis-25577,LC,Alosa fallax,NA,NA,LC,NA,NA,NA,am,0,NA
Fis-131852,LC,Amblyraja hyperborea,63119,Unknown,LC,NA,NA,NA,am,0,NA
Fis-131855,LC,Amblyraja jenseni,161491,Unknown,LC,NA,NA,NA,am,0,NA
Fis-23904,NA,Anoplogaster cornuta,18123960,Unknown,LC,NA,NA,NA,am,0,NA
Fis-29641,NA,Anotopterus pharao,18123632,Unknown,LC,NA,NA,NA,am,0,NA
Fis-23905,NA,Antimora rostrata,190385,Unknown,LC,NA,NA,NA,am,0,NA
Fis-33130,NA,Aphyonus gelatinosus,57453548,Unknown,LC,NA,NA,NA,am,0,NA
Fis-23005,LC,Apristurus microps,44657,Unknown,LC,NA,NA,NA,am,0,NA
Fis-136946,NA,Arctozenus risso,194997,Unknown,LC,NA,NA,NA,am,0,NA
Fis-23017,NA,Argyrosomus regius,198706,Unknown,LC,NA,NA,NA,am,0,NA
Fis-22714,NA,Arnoglossus laterna,198724,Unknown,LC,NA,NA,NA,am,0,NA
Fis-49668,NA,Asquamiceps hjorti,15147791,Unknown,LC,NA,NA,NA,am,0,NA
Fis-125182,NA,Astronesthes atlanticus,190373,Unknown,LC,NA,NA,NA,am,0,NA
Fis-49672,NA,Bajacalifornia calcarata,57453743,Unknown,LC,NA,NA,NA,am,0,NA
Fis-27598,NA,Bajacalifornia megalops,15147816,Unknown,LC,NA,NA,NA,am,0,NA
Fis-28109,NA,Barbantus curvifrons,18155933,Unknown,LC,NA,NA,NA,am,0,NA
Fis-30920,NA,Barbourisia rufa,21110276,Unknown,LC,NA,NA,NA,am,0,NA
Fis-62428,NA,Bassozetus compressus,190154,Unknown,LC,NA,NA,NA,am,0,NA
Fis-32820,NA,Bathygadus favosus,15522061,Unknown,LC,NA,NA,NA,am,0,NA
Fis-34863,NA,Bathysaurus ferox,13462491,Unknown,LC,NA,NA,NA,am,0,NA
Fis-112634,NA,Bathysolea polli,15622630,Unknown,LC,NA,NA,NA,am,0,NA
Fis-22717,NA,Belone belone,198573,Unknown,LC,NA,NA,NA,am,0,NA
Fis-49913,NA,Benthalbella infans,13485675,Unknown,LC,NA,NA,NA,am,0,NA
Fis-27230,LC,Benthocometes robustus,154929,Unknown,LC,NA,NA,NA,am,0,NA
Fis-22718,NA,Benthosema glaciale,198611,Stable,LC,NA,NA,NA,am,0,0
Fis-29731,NA,Beryx decadactylus,198578,Unknown,LC,NA,NA,NA,am,0,NA
Fis-25455,NA,Borostomias antarcticus,198762,Unknown,LC,NA,NA,NA,am,0,NA
Fis-22852,NA,Brama brama,195091,Unknown,LC,NA,NA,NA,am,0,NA
Fis-22741,NA,Buenia jeffreysii,18159126,Unknown,LC,NA,NA,NA,am,0,NA
Fis-148858,NA,Bufoceratias wedli,18127809,Unknown,LC,NA,NA,NA,am,0,NA
Fis-22742,LC,Buglossidium luteum,155044,Unknown,LC,NA,NA,NA,am,0,NA
Fis-29313,NA,Callionymus lyra,198634,Unknown,LC,NA,NA,NA,am,0,NA
Fis-29752,NA,Callionymus maculatus,198635,Unknown,LC,NA,NA,NA,am,0,NA
Fis-22743,NA,Capros aper,198557,Unknown,LC,NA,NA,NA,am,0,NA
Fis-27247,NA,Cataetyx bruuni,60469552,Unknown,LC,NA,NA,NA,am,0,NA
Fis-33837,NA,Cataetyx laticeps,198623,Unknown,LC,NA,NA,NA,am,0,NA
Fis-53389,NA,Caulophryne jordani,190447,Unknown,LC,NA,NA,NA,am,0,NA
Fis-50370,NA,Caulophryne polynema,190447,Unknown,LC,NA,NA,NA,am,0,NA
Fis-22856,NA,Centrolophus niger,198571,Unknown,LC,NA,NA,NA,am,0,NA
Fis-23078,LC,Centroscyllium fabricii,161521,Unknown,LC,NA,NA,NA,am,0,NA
Fis-23074,LC,Centroscymnus crepidater,46864,Unknown,LC,NA,NA,NA,am,0,NA
Fis-22746,NA,Cepola macrophthalma,198649,Unknown,LC,NA,NA,NA,am,0,NA
Fis-50569,NA,Ceratias uranoscopus,21112879,Unknown,LC,NA,NA,NA,am,0,NA
Fis-23087,NA,Ceratoscopelus maderensis,198612,Unknown,LC,NA,NA,NA,am,0,NA
Fis-50837,NA,Cetonurus globiceps,15522073,Unknown,LC,NA,NA,NA,am,0,NA
Fis-29801,NA,Chauliodus sloani,190324,Unknown,LC,NA,NA,NA,am,0,NA
Fis-3310,NA,Chelidonichthys lucerna,198752,Unknown,LC,NA,NA,NA,am,0,NA
Fis-23954,LC,Chelon labrosus,135689,Unknown,LC,NA,NA,NA,am,0,NA
Fis-148964,NA,Chlorophthalmus atlanticus,194993,Unknown,LC,NA,NA,NA,am,0,NA
Fis-23439,NA,Ciliata mustela,18125362,Unknown,LC,NA,NA,NA,am,0,NA
Fis-23440,NA,Ciliata septentrionalis,18125379,Unknown,LC,NA,NA,NA,am,0,NA
Fis-25392,NA,Citharus linguatula,198726,Stable,LC,NA,NA,NA,am,0,0
Fis-29344,LC,Clupea harengus,155123,Increasing,LC,NA,NA,NA,am,0,0.5
Fis-22866,NA,Conger conger,194969,Increasing,LC,NA,NA,NA,am,0,0.5
Fis-48198,LC,Coregonus autumnalis,NA,NA,LC,NA,NA,NA,am,0,NA
Fis-29858,LC,Coregonus sardinella,NA,NA,LC,NA,NA,NA,am,0,NA
Fis-25475,NA,Coryphaenoides armatus,18125776,Unknown,LC,NA,NA,NA,am,0,NA
Fis-26887,NA,Coryphaenoides guentheri,198594,Unknown,LC,NA,NA,NA,am,0,NA
Fis-47646,NA,Cottunculus thomsonii,190065,Unknown,LC,NA,NA,NA,am,0,NA
Fis-29877,NA,Cryptopsaras couesii,190067,Unknown,LC,NA,NA,NA,am,0,NA
Fis-22751,NA,Crystallogobius linearis,198654,Stable,LC,NA,NA,NA,am,0,0
Fis-23453,NA,Cubiceps gracilis,198676,Unknown,LC,NA,NA,NA,am,0,NA
Fis-31240,NA,Cyclothone acclinidens,18252612,Stable,LC,NA,NA,NA,am,0,0
Fis-52356,NA,Cyclothone alba,190300,Stable,LC,NA,NA,NA,am,0,0
Fis-29880,NA,Cyclothone braueri,198757,Stable,LC,NA,NA,NA,am,0,0
Fis-23454,NA,Cyclothone microdon,190133,Stable,LC,NA,NA,NA,am,0,0
Fis-32102,NA,Cyclothone pallida,18252619,Stable,LC,NA,NA,NA,am,0,0
Fis-32103,NA,Cyclothone pseudopallida,18252629,Stable,LC,NA,NA,NA,am,0,0
Fis-33181,NA,Cyema atrum,18227109,Unknown,LC,NA,NA,NA,am,0,NA
Fis-53660,NA,Cyttopsis rosea,16439757,Stable,LC,NA,NA,NA,am,0,0
Fis-23103,LC,Deania calcea,41798,Unknown,LC,NA,NA,NA,am,0,NA
Fis-32362,LC,Derichthys serpentinus,155093,Unknown,LC,NA,NA,NA,am,0,NA
Fis-49951,LC,Diaphus diadematus,154616,Unknown,LC,NA,NA,NA,am,0,NA
Fis-23472,LC,Diaphus rafinesquii,154729,Unknown,LC,NA,NA,NA,am,0,NA
Fis-31163,NA,Dibranchus atlanticus,20663855,Unknown,LC,NA,NA,NA,am,0,NA
Fis-143532,NA,Dibranchus tremendus,20663917,Unknown,LC,NA,NA,NA,am,0,NA
Fis-22755,LC,Dicentrarchus labrax,135606,Unknown,LC,NA,NA,NA,am,0,NA
Fis-33804,NA,Diceratias pileatus,190089,Unknown,LC,NA,NA,NA,am,0,NA
Fis-64564,NA,Dicrolene introniger,60470322,Unknown,LC,NA,NA,NA,am,0,NA
Fis-22763,NA,Diplecogaster bimaculata,198606,Unknown,LC,NA,NA,NA,am,0,NA
Fis-27275,NA,Diretmoides pauciradiatus,21110056,Unknown,LC,NA,NA,NA,am,0,NA
Fis-31164,NA,Diretmus argenteus,18124015,Unknown,LC,NA,NA,NA,am,0,NA
Fis-139531,NA,Dolopichthys allector,42830260,Unknown,LC,NA,NA,NA,am,0,NA
Fis-50439,NA,Dolopichthys danae,61934241,Unknown,LC,NA,NA,NA,am,0,NA
Fis-50449,NA,Dolopichthys longicornis,190278,Unknown,LC,NA,NA,NA,am,0,NA
Fis-27300,NA,Dysomma brevirostre,194989,Unknown,LC,NA,NA,NA,am,0,NA
Fis-62845,NA,Ebinania costaecanariae,15622740,Unknown,LC,NA,NA,NA,am,0,NA
Fis-31237,NA,Ectreposebastes imus,15622831,Unknown,LC,NA,NA,NA,am,0,NA
Fis-23486,NA,Enchelyopus cimbrius,15522054,Unknown,LC,NA,NA,NA,am,0,NA
Fis-22756,NA,Engraulis encrasicolus,198568,Decreasing,LC,NA,NA,NA,am,0,-0.5
Fis-22757,NA,Entelurus aequoreus,18258072,Stable,LC,NA,NA,NA,am,0,0
Fis-29952,NA,Epigonus denticulatus,198652,Unknown,LC,NA,NA,NA,am,0,NA
Fis-24013,NA,Epigonus telescopus,198653,Unknown,LC,NA,NA,NA,am,0,NA
Fis-23124,LC,Etmopterus spinax,161388,Unknown,LC,NA,NA,NA,am,0,NA
Fis-30014,NA,Euleptorhamphus velox,15521852,Unknown,LC,NA,NA,NA,am,0,NA
Fis-31004,NA,Eurypharynx pelecanoides,18227119,Unknown,LC,NA,NA,NA,am,0,NA
Fis-23505,LC,Gaidropsarus macrophthalmus,154880,Unknown,LC,NA,NA,NA,am,0,NA
Fis-23507,NA,Gaidropsarus vulgaris,198590,Stable,LC,NA,NA,NA,am,0,0
Fis-29397,LC,Galeus melastomus,161398,Stable,LC,NA,NA,NA,am,0,0
Fis-23133,LC,Galeus murinus,161705,Unknown,LC,NA,NA,NA,am,0,NA
Fis-30039,LC,Gasterosteus aculeatus,8951,Stable,LC,NA,NA,NA,am,0,0
Fis-22761,NA,Gobiusculus flavescens,18159817,Stable,LC,NA,NA,NA,am,0,0
Fis-22762,NA,Gymnammodytes semisquamatus,18155963,Unknown,LC,NA,NA,NA,am,0,NA
Fis-27265,NA,Gymnothorax maderensis,190250,Unknown,LC,NA,NA,NA,am,0,NA
Fis-33135,NA,Halosaurus guentheri,190196,Unknown,LC,NA,NA,NA,am,0,NA
Fis-50614,NA,Haplophryne mollis,60470770,Unknown,LC,NA,NA,NA,am,0,NA
Fis-31217,LC,Harriotta raleighana,60140,Stable,LC,NA,NA,NA,am,0,0
Fis-22764,NA,Helicolenus dactylopterus,195093,Unknown,LC,NA,NA,NA,am,0,NA
Fis-24768,LC,Hemilepidotus papilio,154722,Unknown,LC,NA,NA,NA,am,0,NA
Fis-27984,NA,Herwigia kreffti,15148858,Unknown,LC,NA,NA,NA,am,0,NA
Fis-30110,NA,Himantolophus groenlandicus,18127836,Unknown,LC,NA,NA,NA,am,0,NA
Fis-34480,NA,Holtbyrnia anomala,18155939,Unknown,LC,NA,NA,NA,am,0,NA
Fis-28112,NA,Holtbyrnia innesi,21104612,Unknown,LC,NA,NA,NA,am,0,NA
Fis-34502,NA,Holtbyrnia macrops,18155943,Unknown,LC,NA,NA,NA,am,0,NA
Fis-31166,NA,Hoplostethus mediterraneus,198579,Unknown,LC,NA,NA,NA,am,0,NA
Fis-34831,NA,Howella brodiei,20665743,Unknown,LC,NA,NA,NA,am,0,NA
Fis-63099,LC,Hydrolagus pallidus,63103,Unknown,LC,NA,NA,NA,am,0,NA
Fis-25165,NA,Hygophum reinhardtii,15598887,Unknown,LC,NA,NA,NA,am,0,NA
Fis-49043,NA,Hygophum taaningi,15598938,Unknown,LC,NA,NA,NA,am,0,NA
Fis-23559,NA,Hyperoplus lanceolatus,18155982,Unknown,LC,NA,NA,NA,am,0,NA
Fis-50459,LC,Kali macrodon,155106,Unknown,LC,NA,NA,NA,am,0,NA
Fis-50466,NA,Kali macrura,60471825,Unknown,LC,NA,NA,NA,am,0,NA
Fis-49987,LC,Lampadena pontifex,154859,Stable,LC,NA,NA,NA,am,0,0
Fis-49988,NA,Lampadena speculigera,60471855,Unknown,LC,NA,NA,NA,am,0,NA
Fis-23165,NA,Lampanyctus crocodilus,198618,Unknown,LC,NA,NA,NA,am,0,NA
Fis-32123,NA,Lampanyctus intricarius,15599070,Unknown,LC,NA,NA,NA,am,0,NA
Fis-48156,NA,Lampanyctus photonotus,60471860,Unknown,LC,NA,NA,NA,am,0,NA
Fis-25147,LC,Lampetra fluviatilis,NA,NA,LC,NA,NA,NA,am,0,NA
Fis-23580,NA,Lampris guttatus,195038,Unknown,LC,NA,NA,NA,am,0,NA
Fis-27226,NA,Lamprogrammus brunswigi,60471877,Unknown,LC,NA,NA,NA,am,0,NA
Fis-33110,NA,Lamprogrammus niger,60471901,Unknown,LC,NA,NA,NA,am,0,NA
Fis-23170,NA,Lebetus scorpioides,18159823,Stable,LC,NA,NA,NA,am,0,0
Fis-26637,NA,Lesueurigobius friesii,198665,Unknown,LC,NA,NA,NA,am,0,NA
Fis-63912,LC,Lethenteron camtschaticum,135719,Unknown,LC,NA,NA,NA,am,0,NA
Fis-12972,NA,Limanda limanda,18214863,Increasing,LC,NA,NA,NA,am,0,0.5
Fis-50633,NA,Linophryne pennibarbata,21112898,Unknown,LC,NA,NA,NA,am,0,NA
Fis-24741,LC,Liopsetta glacialis,135574,Unknown,LC,NA,NA,NA,am,0,NA
Fis-23598,LC,Liparis liparis,154644,Unknown,LC,NA,NA,NA,am,0,NA
Fis-23599,NA,Liparis montagui,18237707,Unknown,LC,NA,NA,NA,am,0,NA
Fis-23602,LC,Liza aurata,135579,Unknown,LC,NA,NA,NA,am,0,NA
Fis-29433,NA,Lophius piscatorius,198610,Unknown,LC,NA,NA,NA,am,0,NA
Fis-49079,NA,Lophodolos acanthognathus,190157,Unknown,LC,NA,NA,NA,am,0,NA
Fis-50465,LC,Lophodolos indicus,154698,Unknown,LC,NA,NA,NA,am,0,NA
Fis-33111,NA,Luciobrotula corethromycter,190262,Unknown,LC,NA,NA,NA,am,0,NA
Fis-138093,NA,Luciobrotula nolfi,60475013,Unknown,LC,NA,NA,NA,am,0,NA
Fis-33221,NA,Luciosudis normani,13485161,Unknown,LC,NA,NA,NA,am,0,NA
Fis-30261,LC,Lycodes jugoricus,154953,Unknown,LC,NA,NA,NA,am,0,NA
Fis-143668,LC,Lycodes paamiuti,155204,Unknown,LC,NA,NA,NA,am,0,NA
Fis-49832,NA,Macroparalepis affinis,13485631,Unknown,LC,NA,NA,NA,am,0,NA
Fis-22897,LC,Macroramphosus scolopax,155030,Unknown,LC,NA,NA,NA,am,0,NA
Fis-48978,NA,Macrouroides inflaticeps,60475627,Unknown,LC,NA,NA,NA,am,0,NA
Fis-47643,NA,Magnisudis atlantica,13485635,Unknown,LC,NA,NA,NA,am,0,NA
Fis-25410,NA,Malacocephalus laevis,190093,Unknown,LC,NA,NA,NA,am,0,NA
Fis-54405,LC,Malacoraja spinacidermis,63126,Unknown,LC,NA,NA,NA,am,0,NA
Fis-33790,NA,Malacosteus niger,190149,Unknown,LC,NA,NA,NA,am,0,NA
Fis-33786,NA,Maulisia mauli,18155946,Unknown,LC,NA,NA,NA,am,0,NA
Fis-149567,NA,Maurolicus amethystinopunctatus,60476220,Unknown,LC,NA,NA,NA,am,0,NA
Fis-125893,NA,Maurolicus weitzmani,190313,Unknown,LC,NA,NA,NA,am,0,NA
Fis-50301,NA,Melamphaes simus,21132822,Unknown,LC,NA,NA,NA,am,0,NA
Fis-139729,NA,Melanolagus bericoides,190485,Unknown,LC,NA,NA,NA,am,0,NA
Fis-30286,NA,Melanostigma atlanticum,198723,Unknown,LC,NA,NA,NA,am,0,NA
Fis-49729,NA,Mentodus facilis,60479648,Unknown,LC,NA,NA,NA,am,0,NA
Fis-49711,NA,Mentodus rostratus,60481184,Unknown,LC,NA,NA,NA,am,0,NA
Fis-22726,NA,Merlangius merlangus,198585,Unknown,LC,NA,NA,NA,am,0,NA
Fis-62885,NA,Micrenophrys lilljeborgii,18237151,Unknown,LC,NA,NA,NA,am,0,NA
Fis-50469,NA,Microlophichthys microlophus,42830277,Unknown,LC,NA,NA,NA,am,0,NA
Fis-23641,NA,Molva dypterygia,198592,Unknown,LC,NA,NA,NA,am,0,NA
Fis-23643,NA,Mora moro,198602,Unknown,LC,NA,NA,NA,am,0,NA
Fis-29454,LC,Mugil cephalus,135567,Stable,LC,NA,NA,NA,am,0,0
Fis-30320,NA,Mullus surmuletus,198674,Unknown,LC,NA,NA,NA,am,0,NA
Fis-31597,LC,Mustelus asterias,39357,Unknown,LC,NA,NA,NA,am,0,NA
Fis-30329,NA,Myctophum punctatum,190453,Stable,LC,NA,NA,NA,am,0,0
Fis-24809,LC,Myoxocephalus quadricornis,14214,Stable,LC,NA,NA,NA,am,0,0
Fis-30336,LC,Myxine glutinosa,196057,Unknown,LC,NA,NA,NA,am,0,NA
Fis-33010,LC,Myxine ios,196060,Unknown,LC,NA,NA,NA,am,0,NA
Fis-23192,NA,Naucrates ductor,190452,Stable,LC,NA,NA,NA,am,0,0
Fis-49750,NA,Neonesthes microcephalus,21133058,Unknown,LC,NA,NA,NA,am,0,NA
Fis-26617,NA,Nerophis lumbriciformis,18258202,Unknown,LC,NA,NA,NA,am,0,NA
Fis-23666,NA,Nerophis ophidion,198764,Unknown,LC,NA,NA,NA,am,0,NA
Fis-32421,NA,Nesiarchus nasutus,18158583,Stable,LC,NA,NA,NA,am,0,0
Fis-27299,NA,Nessorhamphus ingolfianus,199401,Unknown,LC,NA,NA,NA,am,0,NA
Fis-25413,NA,Nezumia aequalis,198597,Unknown,LC,NA,NA,NA,am,0,NA
Fis-14348,NA,Normichthys operosus,18155949,Decreasing,LC,NA,NA,NA,am,0,-0.5
Fis-30362,NA,Notacanthus chemnitzii,195852,Unknown,LC,NA,NA,NA,am,0,NA
Fis-33803,NA,Odontomacrurus murrayi,60482037,Unknown,LC,NA,NA,NA,am,0,NA
Fis-49909,NA,Odontostomops normalops,13462731,Unknown,LC,NA,NA,NA,am,0,NA
Fis-50483,NA,Oneirodes carlsbergi,18128090,Unknown,LC,NA,NA,NA,am,0,NA
Fis-50491,NA,Oneirodes eschrichtii,18128749,Unknown,LC,NA,NA,NA,am,0,NA
Fis-50544,NA,Oneirodes macrosteus,60482102,Unknown,LC,NA,NA,NA,am,0,NA
Fis-52203,LC,Osmerus dentex,NA,NA,LC,NA,NA,NA,am,0,NA
Fis-22922,LC,Osmerus mordax,202413,Unknown,LC,NA,NA,NA,am,0,NA
Fis-50194,NA,Parabrotula plagiophthalma,60482248,Unknown,LC,NA,NA,NA,am,0,NA
Fis-27242,NA,Penopus microphthalmus,60482312,Unknown,LC,NA,NA,NA,am,0,NA
Fis-30477,LC,Petromyzon marinus,135719,Unknown,LC,NA,NA,NA,am,0,NA
Fis-34206,NA,Photostylus pycnopterus,190298,Unknown,LC,NA,NA,NA,am,0,NA
Fis-24267,NA,Phrynorhombus norvegicus,18227064,Stable,LC,NA,NA,NA,am,0,0
Fis-139713,NA,Phyllorhinichthys micractis,60482562,Unknown,LC,NA,NA,NA,am,0,NA
Fis-23725,LC,Platichthys flesus,135717,Decreasing,LC,NA,NA,NA,am,0,-0.5
Fis-34615,NA,Platytroctes apus,190217,Unknown,LC,NA,NA,NA,am,0,NA
Fis-30498,LC,Pleuronectes platessa,135690,Increasing,LC,NA,NA,NA,am,0,0.5
Fis-22732,NA,Pollachius pollachius,18125103,Unknown,LC,NA,NA,NA,am,0,NA
Fis-26349,NA,Polyacanthonotus challengeri,190403,Unknown,LC,NA,NA,NA,am,0,NA
Fis-33795,NA,Polyipnus polli,21132879,Unknown,LC,NA,NA,NA,am,0,NA
Fis-139714,NA,Polymetme thaeocoryla,190258,Unknown,LC,NA,NA,NA,am,0,NA
Fis-23736,LC,Pomatoschistus microps,198667,Stable,LC,NA,NA,NA,am,0,0
Fis-23737,NA,Pomatoschistus minutus,198668,Stable,LC,NA,NA,NA,am,0,0
Fis-23738,NA,Pomatoschistus norvegicus,198552,Stable,LC,NA,NA,NA,am,0,0
Fis-23739,NA,Pomatoschistus pictus,198550,Stable,LC,NA,NA,NA,am,0,0
Fis-50204,NA,Porogadus miles,60482748,Unknown,LC,NA,NA,NA,am,0,NA
Fis-25469,NA,Poromitra crassiceps,190239,Unknown,LC,NA,NA,NA,am,0,NA
Fis-130917,NA,Pseudomyrophis nimius,199328,Unknown,LC,NA,NA,NA,am,0,NA
Fis-30530,DD,Pseudotriakis microdon,44566,Unknown,LC,NA,NA,NA,am,0,NA
Fis-30555,NA,Pterycombus brama,190330,Unknown,LC,NA,NA,NA,am,0,NA
Fis-24923,LC,Pungitius pungitius,18878,Stable,LC,NA,NA,NA,am,0,0
Fis-30925,LC,Raja montagui,63146,Stable,LC,NA,NA,NA,am,0,0
Fis-132559,LC,Rajella barnardi,44650,Stable,LC,NA,NA,NA,am,0,0
Fis-131802,LC,Rajella fyllae,161587,Unknown,LC,NA,NA,NA,am,0,NA
Fis-167643,LC,Rajella lintea,NA,NA,LC,NA,NA,NA,am,0,NA
Fis-132543,LC,Rajella ravidula,44620,Unknown,LC,NA,NA,NA,am,0,NA
Fis-23757,NA,Raniceps raninus,18125145,Unknown,LC,NA,NA,NA,am,0,NA
Fis-23758,NA,Ranzania laevis,193615,Unknown,LC,NA,NA,NA,am,0,NA
Fis-30575,NA,Regalecus glesne,190378,Unknown,LC,NA,NA,NA,am,0,NA
Fis-24930,LC,Remora brachyptera,155068,Stable,LC,NA,NA,NA,am,0,0
Fis-28178,NA,Rhadinesthes decimus,18257501,Unknown,LC,NA,NA,NA,am,0,NA
Fis-33129,LC,Rhinochimaera atlantica,60145,Unknown,LC,NA,NA,NA,am,0,NA
Fis-30919,NA,Rondeletia loricata,60483273,Unknown,LC,NA,NA,NA,am,0,NA
Fis-26352,NA,Rouleina attrita,15149121,Unknown,LC,NA,NA,NA,am,0,NA
Fis-27303,NA,Saccopharynx ampullaceus,18227123,Unknown,LC,NA,NA,NA,am,0,NA
Fis-28120,NA,Sagamichthys schnakenbecki,18155952,Unknown,LC,NA,NA,NA,am,0,NA
Fis-29501,LC,Salmo salar,19855,NA,LC,NA,NA,NA,am,0,NA
Fis-21630,LC,Salmo trutta,NA,NA,LC,NA,NA,NA,am,0,NA
Fis-153593,LC,Salvelinus alpinus alpinus,NA,NA,LC,NA,NA,NA,am,0,NA
Fis-23765,NA,Sardina pilchardus,198580,Unknown,LC,NA,NA,NA,am,0,NA
Fis-58405,NA,Scomberesox saurus,190211,Unknown,LC,NA,NA,NA,am,0,NA
Fis-49922,NA,Scopelarchus analis,190316,Unknown,LC,NA,NA,NA,am,0,NA
Fis-50311,LC,Scopeloberyx opisthopterus,155189,Unknown,LC,NA,NA,NA,am,0,NA
Fis-27313,NA,Scopelosaurus lepidus,190389,Unknown,LC,NA,NA,NA,am,0,NA
Fis-23251,LC,Scyliorhinus canicula,161399,Stable,LC,NA,NA,NA,am,0,0
Fis-31235,NA,Searsia koefoedi,190147,Unknown,LC,NA,NA,NA,am,0,NA
Fis-29522,LC,Sebastes mentella,154816,Unknown,LC,NA,NA,NA,am,0,NA
Fis-132814,LC,Serrivomer lanceolatoides,155227,Unknown,LC,NA,NA,NA,am,0,NA
Fis-162325,NA,Sigmops bathyphilus,18252853,Unknown,LC,NA,NA,NA,am,0,NA
Fis-23825,NA,Spinachia spinachia,18257762,Stable,LC,NA,NA,NA,am,0,0
Fis-50565,NA,Spiniphryne gladisfenae,190402,Unknown,LC,NA,NA,NA,am,0,NA
Fis-50714,NA,Squalogadus modificatus,190237,Unknown,LC,NA,NA,NA,am,0,NA
Fis-24789,NA,Stephanolepis hispidus,16781168,Unknown,LC,NA,NA,NA,am,0,NA
Fis-33179,LC,Synaphobranchus kaupii,155246,Stable,LC,NA,NA,NA,am,0,0
Fis-30688,NA,Syngnathus acus,198765,Unknown,LC,NA,NA,NA,am,0,NA
Fis-30697,NA,Syngnathus rostellatus,18258249,Stable,LC,NA,NA,NA,am,0,0
Fis-30699,NA,Syngnathus typhle,198767,Unknown,LC,NA,NA,NA,am,0,NA
Fis-23853,NA,Taurulus bubalis,198741,Unknown,LC,NA,NA,NA,am,0,NA
Fis-30711,NA,Tetragonurus cuvieri,198716,Stable,LC,NA,NA,NA,am,0,0
Fis-33128,LC,Thalassobathia pelagica,154798,Unknown,LC,NA,NA,NA,am,0,NA
Fis-23865,NA,Trachinotus ovatus,198644,Unknown,LC,NA,NA,NA,am,0,NA
Fis-30734,NA,Trachinus draco,198719,Unknown,LC,NA,NA,NA,am,0,NA
Fis-31205,NA,Trachinus radiatus,198720,Unknown,LC,NA,NA,NA,am,0,NA
Fis-5669,NA,Trigloporus lastoviza,198751,Unknown,LC,NA,NA,NA,am,0,NA
Fis-32108,NA,Trigonolampa miriceps,18257684,Unknown,LC,NA,NA,NA,am,0,NA
Fis-23875,NA,Trisopterus esmarkii,18125208,Increasing,LC,NA,NA,NA,am,0,0.5
Fis-23313,LC,Trisopterus minutus,49911704,Unknown,LC,NA,NA,NA,am,0,NA
Fis-30752,NA,Uroconger syringinus,190400,Unknown,LC,NA,NA,NA,am,0,NA
Fis-28170,NA,Valenciennellus tripunctulatus,18253303,Unknown,LC,NA,NA,NA,am,0,NA
Fis-27285,NA,Venefica proboscidea,199373,Unknown,LC,NA,NA,NA,am,0,NA
Fis-25437,NA,Xenodermichthys copei,15149335,Unknown,LC,NA,NA,NA,am,0,NA
Fis-23893,NA,Zu cristatus,190346,Unknown,LC,NA,NA,NA,am,0,NA
Fis-50599,NA,Gigantactis longicirra,60470683,Unknown,LC,NA,NA,NA,am,0,NA
Fis-112804,NA,Gobius roulei,198663,Unknown,LC,NA,NA,NA,am,0,NA
Fis-149048,NA,Himantolophus crinitus,42830213,Unknown,LC,NA,NA,NA,am,0,NA
Fis-160950,DD,Neoraja iberica,161383,Unknown,LC,NA,NA,NA,am,0,NA
Fis-153714,NA,Phyllorhinichthys balushkini,60482553,Unknown,LC,NA,NA,NA,am,0,NA
Fis-131893,DD,Rajella kukujevi,161622,Unknown,LC,NA,NA,NA,am,0,NA
W-Msc-342212,NA,Cirroteuthis muelleri,163042,Unknown,LC,NA,NA,NA,am,0,NA
SLB-71398,LC,Architeuthis dux,163265,Unknown,LC,NA,NA,NA,am,0,NA
W-Msc-138803,NA,Argonauta argo,163080,Unknown,LC,NA,NA,NA,am,0,NA
SLB-70962,NA,Argonauta hians,163211,Unknown,LC,NA,NA,NA,am,0,NA
W-Msc-139422,LC,Bathothauma lyromma,163338,Unknown,LC,NA,NA,NA,am,0,NA
SLB-70969,NA,Bolitaena pygmaea,163312,Unknown,LC,NA,NA,NA,am,0,NA
SLB-71422,LC,Chiroteuthis veranyi,176066,Unknown,LC,NA,NA,NA,am,0,NA
W-Msc-181386,LC,Cranchia scabra,162941,Unknown,LC,NA,NA,NA,am,0,NA
SLB-71465,LC,Discoteuthis discus,163256,Unknown,LC,NA,NA,NA,am,0,NA
SLB-71435,LC,Egea inermis,162909,Unknown,LC,NA,NA,NA,am,0,NA
W-Msc-153063,LC,Galiteuthis armata,163156,Unknown,LC,NA,NA,NA,am,0,NA
W-Msc-153097,LC,Gonatus fabricii,163186,Unknown,LC,NA,NA,NA,am,0,NA
SLB-190538,LC,Grimalditeuthis bonplandii,NA,NA,LC,NA,NA,NA,am,0,NA
SLB-70957,NA,Haliphron atlanticus,163207,Unknown,LC,NA,NA,NA,am,0,NA
W-Msc-342337,LC,Hyaloteuthis pelagica,163294,Unknown,LC,NA,NA,NA,am,0,NA
W-Msc-140621,LC,Illex coindetii,163269,Unknown,LC,NA,NA,NA,am,0,NA
W-Msc-153087,LC,Illex illecebrosus,163002,Unknown,LC,NA,NA,NA,am,0,NA
W-Msc-138849,NA,Japetella diaphana,162986,Unknown,LC,NA,NA,NA,am,0,NA
SLB-71541,LC,Joubiniteuthis portieri,162961,Unknown,LC,NA,NA,NA,am,0,NA
W-Msc-341818,LC,Liocranchia reinhardti,163218,Unknown,LC,NA,NA,NA,am,0,NA
W-Msc-141447,LC,Neorossia caroli,162663,Unknown,LC,NA,NA,NA,am,0,NA
W-Msc-181382,LC,Ommastrephes bartramii,163163,Unknown,LC,NA,NA,NA,am,0,NA
W-Msc-157031,LC,Pyroteuthis margaritifera,163353,Unknown,LC,NA,NA,NA,am,0,NA
W-Msc-156383,LC,Rossia moelleri,162617,Unknown,LC,NA,NA,NA,am,0,NA
W-Msc-153083,LC,Rossia palpebrosa,162552,Unknown,LC,NA,NA,NA,am,0,NA
W-Msc-141444,LC,Sepia officinalis,162664,Unknown,LC,NA,NA,NA,am,0,NA
SLB-71461,LC,Teuthowenia megalops,163258,Unknown,LC,NA,NA,NA,am,0,NA
W-Msc-140624,LC,Todarodes sagittatus,163189,Unknown,LC,NA,NA,NA,am,0,NA
W-Msc-141962,NA,Vitreledonella richardi,162988,Unknown,LC,NA,NA,NA,am,0,NA
Fis-22770,LC,Alosa alosa,NA,NA,LC,NA,NA,NA,am,0,NA
Fis-31020,NA,Ceratias holboelli,18127741,Unknown,LC,NA,NA,NA,am,0,NA
ITS-176971,LC,Alca torda,22694852,Increasing,NT,BOTW,22694852,NA,iucn-bli,0.2,0.5
ITS-560740,NA,Larus armenicus,22694357,Unknown,NT,BOTW,22694357,NA,iucn-bli,0.2,NA
ITS-176851,NT,Pagophila eburnea,22694473,Decreasing,NT,BOTW,22694473,NA,iucn-bli,0.2,-0.5
ITS-175155,LC,Somateria mollissima,22680405,Unknown,NT,BOTW,22680405,NA,iucn-bli,0.2,NA
ITS-554453,NT,Thalassarche melanophris,22698375,Decreasing,NT,BOTW,22698375,NA,iucn-bli,0.2,-0.5
NA,NA,Anthus pratensis,22718556,Decreasing,NT,BOTW,22718556,NA,iucn-bli,0.2,-0.5
NA,NA,Calidris canutus,22693363,Decreasing,NT,BOTW,22693363,NA,iucn-bli,0.2,-0.5
NA,NA,Gavia adamsii,22697847,Decreasing,NT,BOTW,22697847,NA,iucn-bli,0.2,-0.5
NA,NA,Haematopus ostralegus,22733462,Decreasing,NT,BOTW,22733462,NA,iucn-bli,0.2,-0.5
NA,NA,Limosa lapponica,22693158,Decreasing,NT,BOTW,22693158,NA,iucn-bli,0.2,-0.5
NA,NA,Limosa limosa,22693150,Decreasing,NT,BOTW,22693150,NA,iucn-bli,0.2,-0.5
NA,NA,Numenius arquata,22693190,Decreasing,NT,BOTW,22693190,NA,iucn-bli,0.2,-0.5
NA,NA,Vanellus vanellus,22693949,Decreasing,NT,BOTW,22693949,NA,iucn-bli,0.2,-0.5
ITS-Mam-180533,LC,Balaena mysticetus,2468,NA,NT,MARINE_MAMMALS_update,2468,Bering-Chukchi-Beaufort Sea,iucn,0.2,NA
ITS-Mam-180483,NT,Delphinapterus leucas,6335,Unknown,NT,MARINE_MAMMALS_update,6335,NA,iucn,0.2,NA
ITS-Mam-180485,NT,Monodon monoceros,13704,Unknown,NT,MARINE_MAMMALS_update,13704,NA,iucn,0.2,NA
Fis-23207,NA,Pagellus bogaraveo,170244,Decreasing,NT,SEABREAMS_PORGIES,170244,NA,iucn,0.2,-0.5
ITS-Mam-621916,NT,Lutra lutra,12419,Decreasing,NT,TERRESTRIAL_MAMMALS,12419,NA,iucn,0.2,-0.5
Fis-15353,NT,Bathyraja spinicauda,161366,Unknown,NT,NA,NA,NA,am,0.2,NA
Fis-29328,NT,Centroscymnus coelolepis,41747,Unknown,NT,NA,NA,NA,am,0.2,NA
Fis-29808,NT,Chimaera monstrosa,63114,Stable,NT,NA,NA,NA,am,0.2,0
Fis-29338,NT,Chlamydoselachus anguineus,41794,Unknown,NT,NA,NA,NA,am,0.2,NA
Fis-23101,NT,Dalatias licha,6229,Unknown,NT,NA,NA,NA,am,0.2,NA
Fis-132537,NT,Dipturus nidarosiensis,161729,Decreasing,NT,NA,NA,NA,am,0.2,-0.5
Fis-131842,NT,Dipturus oxyrinchus,63100,Unknown,NT,NA,NA,NA,am,0.2,NA
Fis-23157,NT,Hexanchus griseus,10030,Unknown,NT,NA,NA,NA,am,0.2,NA
Fis-27249,NT,Hydrolagus mirabilis,63104,Decreasing,NT,NA,NA,NA,am,0.2,-0.5
Fis-23222,NT,Prionace glauca,39381,Unknown,NT,NA,NA,NA,am,0.2,NA
Fis-30563,NT,Raja clavata,39399,Decreasing,NT,NA,NA,NA,am,0.2,-0.5
Fis-23256,NT,Scyliorhinus stellaris,161484,Unknown,NT,NA,NA,NA,am,0.2,NA
Fis-22831,NT,Somniosus microcephalus,60213,Unknown,NT,NA,NA,NA,am,0.2,NA
W-Ech-124287,NT,Echinus esculentus,7011,NA,NT,NA,NA,NA,am,0.2,NA
Fis-23129,NT,Galeocerdo cuvier,39378,Unknown,NT,NA,NA,NA,am,0.2,NA
ITS-176862,VU,Larus relictus,22694447,Decreasing,VU,BOTW,22694447,NA,iucn-bli,0.4,-0.5
ITS-175147,VU,Clangula hyemalis,22680427,Decreasing,VU,BOTW,22680427,NA,iucn-bli,0.4,-0.5
ITS-174525,VU,Diomedea exulans,22698305,Decreasing,VU,BOTW,22698305,NA,iucn-bli,0.4,-0.5
ITS-177025,LC,Fratercula arctica,22694927,Decreasing,VU,BOTW,22694927,NA,iucn-bli,0.4,-0.5
ITS-175153,VU,Polysticta stelleri,22680415,Decreasing,VU,BOTW,22680415,NA,iucn-bli,0.4,-0.5
NA,NA,Aythya ferina,22680358,Decreasing,VU,BOTW,22680358,NA,iucn-bli,0.4,-0.5
NA,NA,Podiceps auritus,22696606,Decreasing,VU,BOTW,22696606,NA,iucn-bli,0.4,-0.5
ITS-Mam-180657,VU,Cystophora cristata,6204,Decreasing,VU,MARINE_MAMMALS_update,6204,NA,iucn,0.4,-0.5
ITS-Mam-180488,VU,Physeter macrocephalus,41755,Unknown,VU,MARINE_MAMMALS_update,41755,NA,iucn,0.4,NA
NA,NA,Ursus maritimus,22823,Decreasing,VU,TERRESTRIAL_MAMMALS,22823,NA,iucn,0.4,-0.5
Fis-49220,EN,Thunnus thynnus,170341,Decreasing,VU,TUNAS_BILLFISHES,170341,NA,iucn,0.4,-0.5
Fis-23899,VU,Alopias vulpinus,39339,Decreasing,VU,NA,NA,NA,am,0.4,-0.5
Fis-131853,VU,Amblyraja radiata,161542,Decreasing,VU,NA,NA,NA,am,0.4,-0.5
Fis-23076,VU,Centrophorus squamosus,41871,Decreasing,VU,NA,NA,NA,am,0.4,-0.5
Fis-22747,VU,Cetorhinus maximus,4292,Decreasing,VU,NA,NA,NA,am,0.4,-0.5
Fis-52418,VU,Coregonus lavaretus,NA,NA,VU,NA,NA,NA,am,0.4,NA
Fis-29394,VU,Gadus morhua,8784,NA,VU,NA,NA,NA,am,0.4,NA
Fis-25233,VU,Galeorhinus galeus,39352,Decreasing,VU,NA,NA,NA,am,0.4,-0.5
Fis-58485,VU,Isurus oxyrinchus,39341,Decreasing,VU,NA,NA,NA,am,0.4,-0.5
Fis-22768,VU,Lamna nasus,11200,Decreasing,VU,NA,NA,NA,am,0.4,-0.5
Fis-132546,NT,Leucoraja fullonica,161461,Decreasing,VU,NA,NA,NA,am,0.4,-0.5
Fis-23633,VU,Melanogrammus aeglefinus,13045,NA,VU,NA,NA,NA,am,0.4,NA
Fis-23639,NA,Mola mola,190422,Decreasing,VU,NA,NA,NA,am,0.4,-0.5
Fis-23205,VU,Oxynotus centrina,63141,Unknown,VU,NA,NA,NA,am,0.4,NA
Fis-29532,VU,Squalus acanthias,39326,Decreasing,VU,NA,NA,NA,am,0.4,-0.5
Fis-23873,NA,Trachurus trachurus,198647,Decreasing,VU,NA,NA,NA,am,0.4,-0.5
ITS-97657,VU,Palinurus elephas,169975,Decreasing,VU,NA,NA,NA,am,0.4,-0.5
